,mean,mean
,Кол-во посещений,Стоимость блюда
День недели,,
Вторник,382,65.92857142857143
Понедельник,473,51.30769230769231
Пятница,250,52.0
Среда,454,70.21428571428571
Суббота,190,60.46153846153846
Четверг,338,52.785714285714285
